Items,Time,Height
1,0,1
2,0,2
4,0,4
8,0,7
16,0,9
32,0,10
64,0,13
128,0.000997543,14
256,0.000997782,17
512,0.002991915,20
1024,0.00698185,23
2048,0.014961243,25
4096,0.032913446,27
8192,0.069811583,30
16384,0.152592421,34
32768,0.346787214,38
65536,0.786540747,40
131072,2.152052641,44
262144,3.870919228,48
524288,8.098756075,52
1048576,17.43943954,53
2097152,37.65901089,56
4194304,134.2308025,60
8388608,387.1542459,62
