hidden layer size,mean_test_score
10,0.762622951
20,0.769016393
30,0.759180328
40,0.726174863
50,0.739234973
60,0.76557377
70,0.732513661
80,0.75579235
90,0.762404372
100,0.722677596
