Random State (int),Mean Test Score
1,0.765676568
2,0.759075908
4,0.778877888
8,0.775577558
16,0.782178218
20,0.782178218
40,0.762376238
80,0.785478548
160,0.765676568
